tair_id,gene_code,subcellular,tissue,time,ratio,log2_ratio
AT1G05240,"PRX01,PATHOGENESISRELATED9,PR9,",Extracellular,root,4h,0.9521,-0.0708
AT1G05240,"PRX01,PATHOGENESISRELATED9,PR9,",Extracellular,root,24h,1.1311,0.1777
AT1G05240,"PRX01,PATHOGENESISRELATED9,PR9,",Extracellular,root,48h,0.9719,-0.0411
AT1G05240,"PRX01,PATHOGENESISRELATED9,PR9,",Extracellular,root,96h,1.0125,0.0179
AT1G05240,"PRX01,PATHOGENESISRELATED9,PR9,",Extracellular,shoot,4h,1.8634,0.8979
AT1G05240,"PRX01,PATHOGENESISRELATED9,PR9,",Extracellular,shoot,24h,0.9222,-0.1168
AT1G05240,"PRX01,PATHOGENESISRELATED9,PR9,",Extracellular,shoot,48h,1.4418,0.5279
AT1G05240,"PRX01,PATHOGENESISRELATED9,PR9,",Extracellular,shoot,96h,2.3275,1.2188
AT1G05250,"PRX2,PEROXIDASE2",Extracellular,root,4h,0.8621,-0.2141
AT1G05250,"PRX2,PEROXIDASE2",Extracellular,root,24h,1.0113,0.0162
AT1G05250,"PRX2,PEROXIDASE2",Extracellular,root,48h,0.8316,-0.266
AT1G05250,"PRX2,PEROXIDASE2",Extracellular,root,96h,0.9828,-0.025
AT1G05250,"PRX2,PEROXIDASE2",Extracellular,shoot,4h,2.8393,1.5055
AT1G05250,"PRX2,PEROXIDASE2",Extracellular,shoot,24h,0.6717,-0.5741
AT1G05250,"PRX2,PEROXIDASE2",Extracellular,shoot,48h,1.2319,0.3009
AT1G05250,"PRX2,PEROXIDASE2",Extracellular,shoot,96h,2.1856,1.128
AT1G05260,"PER3,PEROXIDASE3",Extracellular,root,4h,1.1905,0.2516
AT1G05260,"PER3,PEROXIDASE3",Extracellular,root,24h,1.201,0.2642
AT1G05260,"PER3,PEROXIDASE3",Extracellular,root,48h,1.0911,0.1258
AT1G05260,"PER3,PEROXIDASE3",Extracellular,root,96h,1.2115,0.2768
AT1G05260,"PER3,PEROXIDASE3",Extracellular,shoot,4h,1.0917,0.1266
AT1G05260,"PER3,PEROXIDASE3",Extracellular,shoot,24h,0.921,-0.1187
AT1G05260,"PER3,PEROXIDASE3",Extracellular,shoot,48h,1.3718,0.4561
AT1G05260,"PER3,PEROXIDASE3",Extracellular,shoot,96h,1.5131,0.5975
AT1G07890,"APX1,ASCORBATEPEROXIDASE1",Chloroplast,root,4h,0.9306,-0.1038
AT1G07890,"APX1,ASCORBATEPEROXIDASE1",Chloroplast,root,24h,1.08,0.111
AT1G07890,"APX1,ASCORBATEPEROXIDASE1",Chloroplast,root,48h,0.9206,-0.1194
AT1G07890,"APX1,ASCORBATEPEROXIDASE1",Chloroplast,root,96h,0.9404,-0.0887
AT1G07890,"APX1,ASCORBATEPEROXIDASE1",Chloroplast,shoot,4h,1.0113,0.0162
AT1G07890,"APX1,ASCORBATEPEROXIDASE1",Chloroplast,shoot,24h,1.2119,0.2773
AT1G07890,"APX1,ASCORBATEPEROXIDASE1",Chloroplast,shoot,48h,0.9813,-0.0272
AT1G07890,"APX1,ASCORBATEPEROXIDASE1",Chloroplast,shoot,96h,0.9918,-0.0119
AT1G08830,"SOD1,COPPER/ZINCSUPEROXIDEDISMUTASE1",Cytoplasm,root,4h,1.0419,0.0592
AT1G08830,"SOD1,COPPER/ZINCSUPEROXIDEDISMUTASE1",Cytoplasm,root,24h,1.0113,0.0162
AT1G08830,"SOD1,COPPER/ZINCSUPEROXIDEDISMUTASE1",Cytoplasm,root,48h,1.0106,0.0152
AT1G08830,"SOD1,COPPER/ZINCSUPEROXIDEDISMUTASE1",Cytoplasm,root,96h,0.9405,-0.0885
AT1G08830,"SOD1,COPPER/ZINCSUPEROXIDEDISMUTASE1",Cytoplasm,shoot,4h,0.9749,-0.0367
AT1G08830,"SOD1,COPPER/ZINCSUPEROXIDEDISMUTASE1",Cytoplasm,shoot,24h,1.2325,0.3016
AT1G08830,"SOD1,COPPER/ZINCSUPEROXIDEDISMUTASE1",Cytoplasm,shoot,48h,0.9201,-0.1201
AT1G08830,"SOD1,COPPER/ZINCSUPEROXIDEDISMUTASE1",Cytoplasm,shoot,96h,0.9631,-0.0542
AT1G12520,"CCS,COPPERCHAPERONEFORSOD1",Chloroplast,root,4h,0.9709,-0.0426
AT1G12520,"CCS,COPPERCHAPERONEFORSOD1",Chloroplast,root,24h,0.9712,-0.0422
AT1G12520,"CCS,COPPERCHAPERONEFORSOD1",Chloroplast,root,48h,0.9603,-0.0584
AT1G12520,"CCS,COPPERCHAPERONEFORSOD1",Chloroplast,root,96h,1.0522,0.0734
AT1G12520,"CCS,COPPERCHAPERONEFORSOD1",Chloroplast,shoot,4h,0.9451,-0.0815
AT1G12520,"CCS,COPPERCHAPERONEFORSOD1",Chloroplast,shoot,24h,1.1724,0.2295
AT1G12520,"CCS,COPPERCHAPERONEFORSOD1",Chloroplast,shoot,48h,0.9607,-0.0578
AT1G12520,"CCS,COPPERCHAPERONEFORSOD1",Chloroplast,shoot,96h,0.836,-0.2584
AT1G14540,"PER4,PEROXIDASE4,PRX4",Extracellular,root,4h,0.9918,-0.0119
AT1G14540,"PER4,PEROXIDASE4,PRX4",Extracellular,root,24h,0.8811,-0.1826
AT1G14540,"PER4,PEROXIDASE4,PRX4",Extracellular,root,48h,1.0825,0.1144
AT1G14540,"PER4,PEROXIDASE4,PRX4",Extracellular,root,96h,0.823,-0.281
AT1G14540,"PER4,PEROXIDASE4,PRX4",Extracellular,shoot,4h,1.311,0.3907
AT1G14540,"PER4,PEROXIDASE4,PRX4",Extracellular,shoot,24h,0.9314,-0.1025
AT1G14540,"PER4,PEROXIDASE4,PRX4",Extracellular,shoot,48h,0.9806,-0.0283
AT1G14540,"PER4,PEROXIDASE4,PRX4",Extracellular,shoot,96h,0.625,-0.6781
AT1G14550,"PER5,PEROXIDASE5",Extracellular,root,4h,0.9239,-0.1142
AT1G14550,"PER5,PEROXIDASE5",Extracellular,root,24h,0.815,-0.2951
AT1G14550,"PER5,PEROXIDASE5",Extracellular,root,48h,1.0614,0.086
AT1G14550,"PER5,PEROXIDASE5",Extracellular,root,96h,1.083,0.115
AT1G14550,"PER5,PEROXIDASE5",Extracellular,shoot,4h,1.196,0.2582
AT1G14550,"PER5,PEROXIDASE5",Extracellular,shoot,24h,1.1531,0.2055
AT1G14550,"PER5,PEROXIDASE5",Extracellular,shoot,48h,1.119,0.1622
AT1G14550,"PER5,PEROXIDASE5",Extracellular,shoot,96h,0.6707,-0.5763
AT1G20630,"CAT1,CATALASE1",Cytoplasm,root,4h,0.7635,-0.3893
AT1G20630,"CAT1,CATALASE1",Cytoplasm,root,24h,0.6519,-0.6173
AT1G20630,"CAT1,CATALASE1",Cytoplasm,root,48h,0.8534,-0.2287
AT1G20630,"CAT1,CATALASE1",Cytoplasm,root,96h,1.2764,0.3521
AT1G20630,"CAT1,CATALASE1",Cytoplasm,shoot,4h,1.9241,0.9442
AT1G20630,"CAT1,CATALASE1",Cytoplasm,shoot,24h,0.842,-0.2481
AT1G20630,"CAT1,CATALASE1",Cytoplasm,shoot,48h,0.6614,-0.5964
AT1G20630,"CAT1,CATALASE1",Cytoplasm,shoot,96h,0.7618,-0.3925
AT1G24110,"PER6,PEROXIDASE6",Extracellular,root,4h,2.2634,1.1785
AT1G24110,"PER6,PEROXIDASE6",Extracellular,root,24h,1.7642,0.819
AT1G24110,"PER6,PEROXIDASE6",Extracellular,root,48h,1.8637,0.8982
AT1G24110,"PER6,PEROXIDASE6",Extracellular,root,96h,1.8426,0.8817
AT1G24110,"PER6,PEROXIDASE6",Extracellular,shoot,4h,1.528,0.6116
AT1G24110,"PER6,PEROXIDASE6",Extracellular,shoot,24h,2.2978,1.2003
AT1G24110,"PER6,PEROXIDASE6",Extracellular,shoot,48h,2.2346,1.16
AT1G24110,"PER6,PEROXIDASE6",Extracellular,shoot,96h,2.3638,1.2411
AT1G30870,"PER7,PEROXIDASE7",Extracellular,root,4h,0.9119,-0.1331
AT1G30870,"PER7,PEROXIDASE7",Extracellular,root,24h,1.272,0.3471
AT1G30870,"PER7,PEROXIDASE7",Extracellular,root,48h,0.9524,-0.0704
AT1G30870,"PER7,PEROXIDASE7",Extracellular,root,96h,1.0216,0.0308
AT1G30870,"PER7,PEROXIDASE7",Extracellular,shoot,4h,2.0707,1.0501
AT1G30870,"PER7,PEROXIDASE7",Extracellular,shoot,24h,0.6708,-0.576
AT1G30870,"PER7,PEROXIDASE7",Extracellular,shoot,48h,2.261,1.177
AT1G30870,"PER7,PEROXIDASE7",Extracellular,shoot,96h,1.214,0.2798
AT1G33660,peroxidasefamilyprotein,Unknown,root,4h,0.7309,-0.4523
AT1G33660,peroxidasefamilyprotein,Unknown,root,24h,0.8517,-0.2316
AT1G33660,peroxidasefamilyprotein,Unknown,root,48h,0.409,-1.2898
AT1G33660,peroxidasefamilyprotein,Unknown,root,96h,0.5313,-0.9124
AT1G33660,peroxidasefamilyprotein,Unknown,shoot,4h,0.9233,-0.1151
AT1G33660,peroxidasefamilyprotein,Unknown,shoot,24h,1.2735,0.3488
AT1G33660,peroxidasefamilyprotein,Unknown,shoot,48h,0.8311,-0.2669
AT1G33660,peroxidasefamilyprotein,Unknown,shoot,96h,0.7822,-0.3544
AT1G34510,"PER8,PEROXIDASE8",Extracellular,root,4h,1.1308,0.1773
AT1G34510,"PER8,PEROXIDASE8",Extracellular,root,24h,1.5317,0.6151
AT1G34510,"PER8,PEROXIDASE8",Extracellular,root,48h,0.649,-0.6237
AT1G34510,"PER8,PEROXIDASE8",Extracellular,root,96h,1.2349,0.3044
AT1G34510,"PER8,PEROXIDASE8",Extracellular,shoot,4h,2.4235,1.2771
AT1G34510,"PER8,PEROXIDASE8",Extracellular,shoot,24h,0.5729,-0.8036
AT1G34510,"PER8,PEROXIDASE8",Extracellular,shoot,48h,1.9334,0.9511
AT1G34510,"PER8,PEROXIDASE8",Extracellular,shoot,96h,2.6779,1.4211
AT1G49570,"PER10,PEROXIDASE10",Extracellular,root,4h,0.7322,-0.4497
AT1G49570,"PER10,PEROXIDASE10",Extracellular,root,24h,0.9932,-0.0098
AT1G49570,"PER10,PEROXIDASE10",Extracellular,root,48h,0.9221,-0.117
AT1G49570,"PER10,PEROXIDASE10",Extracellular,root,96h,0.5748,-0.7989
AT1G49570,"PER10,PEROXIDASE10",Extracellular,shoot,4h,1.6978,0.7637
AT1G49570,"PER10,PEROXIDASE10",Extracellular,shoot,24h,0.9606,-0.058
AT1G49570,"PER10,PEROXIDASE10",Extracellular,shoot,48h,2.1431,1.0997
AT1G49570,"PER10,PEROXIDASE10",Extracellular,shoot,96h,0.955,-0.0664
AT1G77100,"PER13,PEROXIDASE13",Extracellular,root,4h,1.5941,0.6727
AT1G77100,"PER13,PEROXIDASE13",Extracellular,root,24h,1.6741,0.7434
AT1G77100,"PER13,PEROXIDASE13",Extracellular,root,48h,1.3573,0.4407
AT1G77100,"PER13,PEROXIDASE13",Extracellular,root,96h,1.6931,0.7597
AT1G77100,"PER13,PEROXIDASE13",Extracellular,shoot,4h,1.52,0.6041
AT1G77100,"PER13,PEROXIDASE13",Extracellular,shoot,24h,1.2929,0.3706
AT1G77100,"PER13,PEROXIDASE13",Extracellular,shoot,48h,1.3669,0.4509
AT1G77100,"PER13,PEROXIDASE13",Extracellular,shoot,96h,1.3124,0.3922
AT2G18140,"PER14,PEROXIDASE14",Extracellular,root,4h,1.5632,0.6445
AT2G18140,"PER14,PEROXIDASE14",Extracellular,root,24h,0.9318,-0.1019
AT2G18140,"PER14,PEROXIDASE14",Extracellular,root,48h,1.36,0.4436
AT2G18140,"PER14,PEROXIDASE14",Extracellular,root,96h,0.3512,-1.5096
AT2G18140,"PER14,PEROXIDASE14",Extracellular,shoot,4h,1.9741,0.9812
AT2G18140,"PER14,PEROXIDASE14",Extracellular,shoot,24h,2.2153,1.1475
AT2G18140,"PER14,PEROXIDASE14",Extracellular,shoot,48h,1.9674,0.9763
AT2G18140,"PER14,PEROXIDASE14",Extracellular,shoot,96h,2.2259,1.1544
AT2G18150,"PER15,PEROXIDASE15",Extracellular,root,4h,1.1827,0.2421
AT2G18150,"PER15,PEROXIDASE15",Extracellular,root,24h,1.0923,0.1274
AT2G18150,"PER15,PEROXIDASE15",Extracellular,root,48h,1.3429,0.4254
AT2G18150,"PER15,PEROXIDASE15",Extracellular,root,96h,0.8818,-0.1815
AT2G18150,"PER15,PEROXIDASE15",Extracellular,shoot,4h,0.9513,-0.072
AT2G18150,"PER15,PEROXIDASE15",Extracellular,shoot,24h,0.8913,-0.166
AT2G18150,"PER15,PEROXIDASE15",Extracellular,shoot,48h,1.2613,0.3349
AT2G18150,"PER15,PEROXIDASE15",Extracellular,shoot,96h,1.543,0.6257
AT2G28190,"SOD2,SUPEROXIDEDISMUTASE2",Chloroplast,root,4h,1.14,0.189
AT2G28190,"SOD2,SUPEROXIDEDISMUTASE2",Chloroplast,root,24h,1.071,0.099
AT2G28190,"SOD2,SUPEROXIDEDISMUTASE2",Chloroplast,root,48h,0.9707,-0.0429
AT2G28190,"SOD2,SUPEROXIDEDISMUTASE2",Chloroplast,root,96h,1.0921,0.1271
AT2G28190,"SOD2,SUPEROXIDEDISMUTASE2",Chloroplast,shoot,4h,0.9254,-0.1119
AT2G28190,"SOD2,SUPEROXIDEDISMUTASE2",Chloroplast,shoot,24h,1.4123,0.498
AT2G28190,"SOD2,SUPEROXIDEDISMUTASE2",Chloroplast,shoot,48h,0.9408,-0.088
AT2G28190,"SOD2,SUPEROXIDEDISMUTASE2",Chloroplast,shoot,96h,0.8249,-0.2777
AT2G35380,"PER20,PEROXIDASE20",Unknown,root,4h,1.0609,0.0853
AT2G35380,"PER20,PEROXIDASE20",Unknown,root,24h,1.22,0.2869
AT2G35380,"PER20,PEROXIDASE20",Unknown,root,48h,0.9919,-0.0117
AT2G35380,"PER20,PEROXIDASE20",Unknown,root,96h,1.218,0.2845
AT2G35380,"PER20,PEROXIDASE20",Unknown,shoot,4h,0.628,-0.6712
AT2G35380,"PER20,PEROXIDASE20",Unknown,shoot,24h,1.1814,0.2405
AT2G35380,"PER20,PEROXIDASE20",Unknown,shoot,48h,1.65,0.7225
AT2G35380,"PER20,PEROXIDASE20",Unknown,shoot,96h,1.9353,0.9526
AT2G39040,"PER24,PEROXIDASE24",Extracellular,root,4h,0.941,-0.0877
AT2G39040,"PER24,PEROXIDASE24",Extracellular,root,24h,0.941,-0.0877
AT2G39040,"PER24,PEROXIDASE24",Extracellular,root,48h,0.739,-0.4364
AT2G39040,"PER24,PEROXIDASE24",Extracellular,root,96h,0.7803,-0.3579
AT2G39040,"PER24,PEROXIDASE24",Extracellular,shoot,4h,1.4462,0.5323
AT2G39040,"PER24,PEROXIDASE24",Extracellular,shoot,24h,1.6994,0.765
AT2G39040,"PER24,PEROXIDASE24",Extracellular,shoot,48h,1.6632,0.734
AT2G39040,"PER24,PEROXIDASE24",Extracellular,shoot,96h,0.9417,-0.0867
AT2G43480,"PER26,PEROXIDASE26",Extracellular,root,4h,0.8204,-0.2856
AT2G43480,"PER26,PEROXIDASE26",Extracellular,root,24h,0.8814,-0.1821
AT2G43480,"PER26,PEROXIDASE26",Extracellular,root,48h,0.9306,-0.1038
AT2G43480,"PER26,PEROXIDASE26",Extracellular,root,96h,0.8205,-0.2854
AT2G43480,"PER26,PEROXIDASE26",Extracellular,shoot,4h,1.126,0.1712
AT2G43480,"PER26,PEROXIDASE26",Extracellular,shoot,24h,0.5514,-0.8588
AT2G43480,"PER26,PEROXIDASE26",Extracellular,shoot,48h,1.0518,0.0729
AT2G43480,"PER26,PEROXIDASE26",Extracellular,shoot,96h,2.0923,1.0651
AT3G01190,"PER27,PEROXIDASE27",Extracellular,root,4h,1.1812,0.2403
AT3G01190,"PER27,PEROXIDASE27",Extracellular,root,24h,1.212,0.2774
AT3G01190,"PER27,PEROXIDASE27",Extracellular,root,48h,1.112,0.1532
AT3G01190,"PER27,PEROXIDASE27",Extracellular,root,96h,1.0411,0.0581
AT3G01190,"PER27,PEROXIDASE27",Extracellular,shoot,4h,1.0776,0.1078
AT3G01190,"PER27,PEROXIDASE27",Extracellular,shoot,24h,0.5626,-0.8298
AT3G01190,"PER27,PEROXIDASE27",Extracellular,shoot,48h,1.2423,0.313
AT3G01190,"PER27,PEROXIDASE27",Extracellular,shoot,96h,1.5678,0.6487
AT3G03670,"PER28,PEROXIDASE28",Extracellular,root,4h,1.858,0.8938
AT3G03670,"PER28,PEROXIDASE28",Extracellular,root,24h,1.1772,0.2354
AT3G03670,"PER28,PEROXIDASE28",Extracellular,root,48h,1.8814,0.9118
AT3G03670,"PER28,PEROXIDASE28",Extracellular,root,96h,1.84,0.8797
AT3G03670,"PER28,PEROXIDASE28",Extracellular,shoot,4h,1.904,0.929
AT3G03670,"PER28,PEROXIDASE28",Extracellular,shoot,24h,2.2154,1.1476
AT3G03670,"PER28,PEROXIDASE28",Extracellular,shoot,48h,2.635,1.3978
AT3G03670,"PER28,PEROXIDASE28",Extracellular,shoot,96h,2.4261,1.2786
AT3G09640,"APX2,ASCORBATEPEROXIDASE1B,ASCORBATEPEROXIDASE2",Chloroplast,root,4h,0.7716,-0.3741
AT3G09640,"APX2,ASCORBATEPEROXIDASE1B,ASCORBATEPEROXIDASE2",Chloroplast,root,24h,0.4717,-1.0841
AT3G09640,"APX2,ASCORBATEPEROXIDASE1B,ASCORBATEPEROXIDASE2",Chloroplast,root,48h,0.9714,-0.0419
AT3G09640,"APX2,ASCORBATEPEROXIDASE1B,ASCORBATEPEROXIDASE2",Chloroplast,root,96h,0.8621,-0.2141
AT3G09640,"APX2,ASCORBATEPEROXIDASE1B,ASCORBATEPEROXIDASE2",Chloroplast,shoot,4h,1.7452,0.8034
AT3G09640,"APX2,ASCORBATEPEROXIDASE1B,ASCORBATEPEROXIDASE2",Chloroplast,shoot,24h,0.6817,-0.5528
AT3G09640,"APX2,ASCORBATEPEROXIDASE1B,ASCORBATEPEROXIDASE2",Chloroplast,shoot,48h,1.1793,0.2379
AT3G09640,"APX2,ASCORBATEPEROXIDASE1B,ASCORBATEPEROXIDASE2",Chloroplast,shoot,96h,0.6322,-0.6615
AT3G42570,peroxidasefamilyprotein,Unknown,root,4h,1.475,0.5607
AT3G42570,peroxidasefamilyprotein,Unknown,root,24h,1.8922,0.9201
AT3G42570,peroxidasefamilyprotein,Unknown,root,48h,1.993,0.9949
AT3G42570,peroxidasefamilyprotein,Unknown,root,96h,1.8705,0.9034
AT3G42570,peroxidasefamilyprotein,Unknown,shoot,4h,2.0727,1.0515
AT3G42570,peroxidasefamilyprotein,Unknown,shoot,24h,2.2259,1.1544
AT3G42570,peroxidasefamilyprotein,Unknown,shoot,48h,2.4837,1.3125
AT3G42570,peroxidasefamilyprotein,Unknown,shoot,96h,2.2142,1.1468
AT3G45810,"RBOHJ,RESPIRATORYBURSTOXIDASEHOMOLOGJ",Nucleus,root,4h,2.2531,1.1719
AT3G45810,"RBOHJ,RESPIRATORYBURSTOXIDASEHOMOLOGJ",Nucleus,root,24h,1.832,0.8734
AT3G45810,"RBOHJ,RESPIRATORYBURSTOXIDASEHOMOLOGJ",Nucleus,root,48h,1.9731,0.9805
AT3G45810,"RBOHJ,RESPIRATORYBURSTOXIDASEHOMOLOGJ",Nucleus,root,96h,1.9313,0.9496
AT3G45810,"RBOHJ,RESPIRATORYBURSTOXIDASEHOMOLOGJ",Nucleus,shoot,4h,2.0227,1.0163
AT3G45810,"RBOHJ,RESPIRATORYBURSTOXIDASEHOMOLOGJ",Nucleus,shoot,24h,2.1455,1.1013
AT3G45810,"RBOHJ,RESPIRATORYBURSTOXIDASEHOMOLOGJ",Nucleus,shoot,48h,2.851,1.5115
AT3G45810,"RBOHJ,RESPIRATORYBURSTOXIDASEHOMOLOGJ",Nucleus,shoot,96h,2.3647,1.2417
AT3G50990,"PER36,PEROXIDASE36,PRX36",Extracellular,root,4h,2.5328,1.3407
AT3G50990,"PER36,PEROXIDASE36,PRX36",Extracellular,root,24h,2.235,1.1603
AT3G50990,"PER36,PEROXIDASE36,PRX36",Extracellular,root,48h,2.2521,1.1713
AT3G50990,"PER36,PEROXIDASE36,PRX36",Extracellular,root,96h,1.3636,0.4474
AT3G50990,"PER36,PEROXIDASE36,PRX36",Extracellular,shoot,4h,2.0827,1.0585
AT3G50990,"PER36,PEROXIDASE36,PRX36",Extracellular,shoot,24h,0.9812,-0.0274
AT3G50990,"PER36,PEROXIDASE36,PRX36",Extracellular,shoot,48h,5.2773,2.3998
AT3G50990,"PER36,PEROXIDASE36,PRX36",Extracellular,shoot,96h,2.111,1.0779
AT4G16270,"PRX40,PEROXIDASE40",Extracellular,root,4h,0.9811,-0.0275
AT4G16270,"PRX40,PEROXIDASE40",Extracellular,root,24h,1.0304,0.0432
AT4G16270,"PRX40,PEROXIDASE40",Extracellular,root,48h,0.9804,-0.0286
AT4G16270,"PRX40,PEROXIDASE40",Extracellular,root,96h,0.9606,-0.058
AT4G16270,"PRX40,PEROXIDASE40",Extracellular,shoot,4h,1.0727,0.1012
AT4G16270,"PRX40,PEROXIDASE40",Extracellular,shoot,24h,0.4803,-1.058
AT4G16270,"PRX40,PEROXIDASE40",Extracellular,shoot,48h,1.67,0.7398
AT4G16270,"PRX40,PEROXIDASE40",Extracellular,shoot,96h,1.2334,0.3026
AT4G17690,"PER41,PEROXIDASE41",Extracellular,root,4h,1.4171,0.5029
AT4G17690,"PER41,PEROXIDASE41",Extracellular,root,24h,1.5132,0.5976
AT4G17690,"PER41,PEROXIDASE41",Extracellular,root,48h,2.0444,1.0317
AT4G17690,"PER41,PEROXIDASE41",Extracellular,root,96h,1.8419,0.8812
AT4G17690,"PER41,PEROXIDASE41",Extracellular,shoot,4h,1.4147,0.5005
AT4G17690,"PER41,PEROXIDASE41",Extracellular,shoot,24h,1.9219,0.9425
AT4G17690,"PER41,PEROXIDASE41",Extracellular,shoot,48h,1.5118,0.5963
AT4G17690,"PER41,PEROXIDASE41",Extracellular,shoot,96h,2.0658,1.0467
AT4G25090,RBOHG,Cytoplasm,root,4h,1.1415,0.1909
AT4G25090,RBOHG,Cytoplasm,root,24h,0.9912,-0.0128
AT4G25090,RBOHG,Cytoplasm,root,48h,1.0616,0.0862
AT4G25090,RBOHG,Cytoplasm,root,96h,1.0917,0.1266
AT4G25090,RBOHG,Cytoplasm,shoot,4h,0.9928,-0.0104
AT4G25090,RBOHG,Cytoplasm,shoot,24h,1.0588,0.0824
AT4G25090,RBOHG,Cytoplasm,shoot,48h,1.1712,0.228
AT4G25090,RBOHG,Cytoplasm,shoot,96h,1.0819,0.1136
AT4G26010,PRX44,Extracellular,root,4h,0.9927,-0.0106
AT4G26010,PRX44,Extracellular,root,24h,1.0116,0.0166
AT4G26010,PRX44,Extracellular,root,48h,0.9827,-0.0252
AT4G26010,PRX44,Extracellular,root,96h,1.111,0.1519
AT4G26010,PRX44,Extracellular,shoot,4h,2.0635,1.0451
AT4G26010,PRX44,Extracellular,shoot,24h,0.7719,-0.3735
AT4G26010,PRX44,Extracellular,shoot,48h,2.3319,1.2215
AT4G26010,PRX44,Extracellular,shoot,96h,1.3133,0.3932
AT4G33870,"PER48,PEROXIDASE48",Extracellular,root,4h,1.3842,0.4691
AT4G33870,"PER48,PEROXIDASE48",Extracellular,root,24h,0.7115,-0.4911
AT4G33870,"PER48,PEROXIDASE48",Extracellular,root,48h,0.9433,-0.0842
AT4G33870,"PER48,PEROXIDASE48",Extracellular,root,96h,0.7217,-0.4705
AT4G33870,"PER48,PEROXIDASE48",Extracellular,shoot,4h,1.1529,0.2053
AT4G33870,"PER48,PEROXIDASE48",Extracellular,shoot,24h,0.9919,-0.0117
AT4G33870,"PER48,PEROXIDASE48",Extracellular,shoot,48h,0.6904,-0.5345
AT4G33870,"PER48,PEROXIDASE48",Extracellular,shoot,96h,1.43,0.516
AT5G05340,"PRX52,PEROXIDASE52",Extracellular,root,4h,0.8826,-0.1802
AT5G05340,"PRX52,PEROXIDASE52",Extracellular,root,24h,1.8408,0.8803
AT5G05340,"PRX52,PEROXIDASE52",Extracellular,root,48h,0.9118,-0.1332
AT5G05340,"PRX52,PEROXIDASE52",Extracellular,root,96h,1.0825,0.1144
AT5G05340,"PRX52,PEROXIDASE52",Extracellular,shoot,4h,0.7511,-0.4129
AT5G05340,"PRX52,PEROXIDASE52",Extracellular,shoot,24h,2.3679,1.2436
AT5G05340,"PRX52,PEROXIDASE52",Extracellular,shoot,48h,1.728,0.7891
AT5G05340,"PRX52,PEROXIDASE52",Extracellular,shoot,96h,0.9149,-0.1283
AT5G14130,"PER55,PEROXIDASE55",Extracellular,root,4h,1.2819,0.3583
AT5G14130,"PER55,PEROXIDASE55",Extracellular,root,24h,1.3623,0.446
AT5G14130,"PER55,PEROXIDASE55",Extracellular,root,48h,1.1326,0.1796
AT5G14130,"PER55,PEROXIDASE55",Extracellular,root,96h,1.2409,0.3114
AT5G14130,"PER55,PEROXIDASE55",Extracellular,shoot,4h,1.1433,0.1932
AT5G14130,"PER55,PEROXIDASE55",Extracellular,shoot,24h,1.5476,0.63
AT5G14130,"PER55,PEROXIDASE55",Extracellular,shoot,48h,1.5112,0.5957
AT5G14130,"PER55,PEROXIDASE55",Extracellular,shoot,96h,2.0961,1.0677
AT5G17820,"PER57,PEROXIDASE57",Extracellular,root,4h,0.9411,-0.0876
AT5G17820,"PER57,PEROXIDASE57",Extracellular,root,24h,0.8812,-0.1825
AT5G17820,"PER57,PEROXIDASE57",Extracellular,root,48h,0.9119,-0.1331
AT5G17820,"PER57,PEROXIDASE57",Extracellular,root,96h,0.8903,-0.1676
AT5G17820,"PER57,PEROXIDASE57",Extracellular,shoot,4h,1.4906,0.5759
AT5G17820,"PER57,PEROXIDASE57",Extracellular,shoot,24h,0.8948,-0.1604
AT5G17820,"PER57,PEROXIDASE57",Extracellular,shoot,48h,0.9723,-0.0405
AT5G17820,"PER57,PEROXIDASE57",Extracellular,shoot,96h,1.1519,0.204
AT5G19880,"PER58,PEROXIDASE58",Extracellular,root,4h,0.8812,-0.1825
AT5G19880,"PER58,PEROXIDASE58",Extracellular,root,24h,1.1549,0.2078
AT5G19880,"PER58,PEROXIDASE58",Extracellular,root,48h,2.2367,1.1614
AT5G19880,"PER58,PEROXIDASE58",Extracellular,root,96h,0.6842,-0.5475
AT5G19880,"PER58,PEROXIDASE58",Extracellular,shoot,4h,1.3264,0.4075
AT5G19880,"PER58,PEROXIDASE58",Extracellular,shoot,24h,2.3168,1.2121
AT5G19880,"PER58,PEROXIDASE58",Extracellular,shoot,48h,2.1287,1.09
AT5G19880,"PER58,PEROXIDASE58",Extracellular,shoot,96h,1.2944,0.3723
AT5G19890,"PER59,PEROXIDASE59",Extracellular,root,4h,1.0625,0.0875
AT5G19890,"PER59,PEROXIDASE59",Extracellular,root,24h,0.9832,-0.0244
AT5G19890,"PER59,PEROXIDASE59",Extracellular,root,48h,1.0608,0.0852
AT5G19890,"PER59,PEROXIDASE59",Extracellular,root,96h,0.775,-0.3677
AT5G19890,"PER59,PEROXIDASE59",Extracellular,shoot,4h,1.1842,0.2439
AT5G19890,"PER59,PEROXIDASE59",Extracellular,shoot,24h,0.6727,-0.572
AT5G19890,"PER59,PEROXIDASE59",Extracellular,shoot,48h,1.0556,0.0781
AT5G19890,"PER59,PEROXIDASE59",Extracellular,shoot,96h,1.3292,0.4106
AT5G24070,"PER61,PEROXIDASE61",Extracellular,root,4h,1.1309,0.1775
AT5G24070,"PER61,PEROXIDASE61",Extracellular,root,24h,1.778,0.8303
AT5G24070,"PER61,PEROXIDASE61",Extracellular,root,48h,0.8432,-0.2461
AT5G24070,"PER61,PEROXIDASE61",Extracellular,root,96h,0.7911,-0.3381
AT5G24070,"PER61,PEROXIDASE61",Extracellular,shoot,4h,1.5206,0.6046
AT5G24070,"PER61,PEROXIDASE61",Extracellular,shoot,24h,0.942,-0.0862
AT5G24070,"PER61,PEROXIDASE61",Extracellular,shoot,48h,1.4654,0.5513
AT5G24070,"PER61,PEROXIDASE61",Extracellular,shoot,96h,1.1201,0.1636
AT5G51060,"RBOHC,RESPIRATORYBURSTOXIDASEHOMOLOGC",Plasmamembrane,root,4h,0.92,-0.1203
AT5G51060,"RBOHC,RESPIRATORYBURSTOXIDASEHOMOLOGC",Plasmamembrane,root,24h,1.0408,0.0577
AT5G51060,"RBOHC,RESPIRATORYBURSTOXIDASEHOMOLOGC",Plasmamembrane,root,48h,0.9412,-0.0874
AT5G51060,"RBOHC,RESPIRATORYBURSTOXIDASEHOMOLOGC",Plasmamembrane,root,96h,1.0215,0.0307
AT5G51060,"RBOHC,RESPIRATORYBURSTOXIDASEHOMOLOGC",Plasmamembrane,shoot,4h,1.218,0.2845
AT5G51060,"RBOHC,RESPIRATORYBURSTOXIDASEHOMOLOGC",Plasmamembrane,shoot,24h,0.948,-0.077
AT5G51060,"RBOHC,RESPIRATORYBURSTOXIDASEHOMOLOGC",Plasmamembrane,shoot,48h,1.192,0.2534
AT5G51060,"RBOHC,RESPIRATORYBURSTOXIDASEHOMOLOGC",Plasmamembrane,shoot,96h,1.1723,0.2293
AT5G58400,"PER68,PEROXIDASE68",Extracellular,root,4h,2.4837,1.3125
AT5G58400,"PER68,PEROXIDASE68",Extracellular,root,24h,2.3357,1.2239
AT5G58400,"PER68,PEROXIDASE68",Extracellular,root,48h,2.1235,1.0864
AT5G58400,"PER68,PEROXIDASE68",Extracellular,root,96h,2.0213,1.0153
AT5G58400,"PER68,PEROXIDASE68",Extracellular,shoot,4h,1.723,0.7849
AT5G58400,"PER68,PEROXIDASE68",Extracellular,shoot,24h,2.75,1.4594
AT5G58400,"PER68,PEROXIDASE68",Extracellular,shoot,48h,1.3511,0.4341
AT5G58400,"PER68,PEROXIDASE68",Extracellular,shoot,96h,0.9835,-0.024
AT5G60010,"RBOHH,RESPIRATORYBURSTOXIDASEHOMOLOGH",Nucleus,root,4h,2.1948,1.1341
AT5G60010,"RBOHH,RESPIRATORYBURSTOXIDASEHOMOLOGH",Nucleus,root,24h,1.9915,0.9939
AT5G60010,"RBOHH,RESPIRATORYBURSTOXIDASEHOMOLOGH",Nucleus,root,48h,2.0834,1.0589
AT5G60010,"RBOHH,RESPIRATORYBURSTOXIDASEHOMOLOGH",Nucleus,root,96h,2.11,1.0772
AT5G60010,"RBOHH,RESPIRATORYBURSTOXIDASEHOMOLOGH",Nucleus,shoot,4h,2.073,1.0517
AT5G60010,"RBOHH,RESPIRATORYBURSTOXIDASEHOMOLOGH",Nucleus,shoot,24h,0.8817,-0.1816
AT5G60010,"RBOHH,RESPIRATORYBURSTOXIDASEHOMOLOGH",Nucleus,shoot,48h,1.8123,0.8578
AT5G60010,"RBOHH,RESPIRATORYBURSTOXIDASEHOMOLOGH",Nucleus,shoot,96h,1.8712,0.904
AT5G64100,PRX69,Extracellular,root,4h,1.317,0.3973
AT5G64100,PRX69,Extracellular,root,24h,0.9513,-0.072
AT5G64100,PRX69,Extracellular,root,48h,1.1315,0.1782
AT5G64100,PRX69,Extracellular,root,96h,0.9704,-0.0433
AT5G64100,PRX69,Extracellular,shoot,4h,1.673,0.7424
AT5G64100,PRX69,Extracellular,shoot,24h,1.198,0.2606
AT5G64100,PRX69,Extracellular,shoot,48h,1.119,0.1622
AT5G64100,PRX69,Extracellular,shoot,96h,1.5266,0.6103
AT5G64110,"PER68,PEROXIDASE69",Extracellular,root,4h,1.421,0.5069
AT5G64110,"PER68,PEROXIDASE69",Extracellular,root,24h,1.2122,0.2776
AT5G64110,"PER68,PEROXIDASE69",Extracellular,root,48h,1.1609,0.2152
AT5G64110,"PER68,PEROXIDASE69",Extracellular,root,96h,0.9219,-0.1173
AT5G64110,"PER68,PEROXIDASE69",Extracellular,shoot,4h,1.3909,0.476
AT5G64110,"PER68,PEROXIDASE69",Extracellular,shoot,24h,0.9911,-0.0129
AT5G64110,"PER68,PEROXIDASE69",Extracellular,shoot,48h,1.1425,0.1922
AT5G64110,"PER68,PEROXIDASE69",Extracellular,shoot,96h,0.9617,-0.0563
AT5G64120,"PRX71,PEROXIDASE71",Extracellular,root,4h,1.121,0.1648
AT5G64120,"PRX71,PEROXIDASE71",Extracellular,root,24h,1.15,0.2016
AT5G64120,"PRX71,PEROXIDASE71",Extracellular,root,48h,1.0423,0.0598
AT5G64120,"PRX71,PEROXIDASE71",Extracellular,root,96h,0.8305,-0.2679
AT5G64120,"PRX71,PEROXIDASE71",Extracellular,shoot,4h,0.9314,-0.1025
AT5G64120,"PRX71,PEROXIDASE71",Extracellular,shoot,24h,0.816,-0.2934
AT5G64120,"PRX71,PEROXIDASE71",Extracellular,shoot,48h,1.0313,0.0445
AT5G64120,"PRX71,PEROXIDASE71",Extracellular,shoot,96h,0.7913,-0.3377
AT5G67400,PRX73,Extracellular,root,4h,1.0119,0.0171
AT5G67400,PRX73,Extracellular,root,24h,1.2118,0.2772
AT5G67400,PRX73,Extracellular,root,48h,1.0328,0.0466
AT5G67400,PRX73,Extracellular,root,96h,1.2321,0.3011
AT5G67400,PRX73,Extracellular,shoot,4h,2.2138,1.1465
AT5G67400,PRX73,Extracellular,shoot,24h,0.7207,-0.4725
AT5G67400,PRX73,Extracellular,shoot,48h,2.2588,1.1756
AT5G67400,PRX73,Extracellular,shoot,96h,1.112,0.1532
